{"cameraMode":{"drawMode":0,"name":"Shaded","section":"Shading Mode"},"sceneLighting":false,"audioPlay":false,"sceneViewState":{"m_AlwaysRefresh":true,"showFog":true,"showSkybox":false,"showFlares":true,"showImageEffects":true,"showParticleSystems":true,"showVisualEffectGraphs":true,"m_FxEnabled":true},"in2DMode":false,"pivot":{"x":0.054000020027160647,"y":-0.004999999888241291,"z":-0.05500000715255737},"rotation":{"x":-0.012047044932842255,"y":-0.7178040742874146,"z":0.6960326433181763,"w":-0.012422519735991955},"size":1.1613872051239014,"orthographic":false}