{"cameraMode":{"drawMode":0,"name":"Shaded","section":"Shading Mode"},"sceneLighting":false,"audioPlay":false,"sceneViewState":{"m_AlwaysRefresh":true,"showFog":true,"showSkybox":false,"showFlares":true,"showImageEffects":true,"showParticleSystems":true,"showVisualEffectGraphs":true,"m_FxEnabled":true},"in2DMode":false,"pivot":{"x":0.11291705816984177,"y":1.0214619636535645,"z":0.2949053943157196},"rotation":{"x":0.4071109890937805,"y":-0.5191633701324463,"z":0.3083791434764862,"w":0.6853605508804321},"size":0.033974647521972659,"orthographic":false}